798,329,1313,244,1040,576,792,262,315,417
798,329,1313,244,1040,576,262,792,315,417
798,1313,329,244,576,1040,792,262,315,721
798,329,1313,244,792,1040,576,262,315,721
798,329,1313,244,1040,576,792,262,315,14
798,329,1313,244,576,1040,792,262,14,721
798,329,1313,244,792,576,417,1040,262,315
798,329,1313,244,576,792,1040,262,417,315
798,329,1313,244,792,576,1040,262,315,14
798,329,1313,244,1040,792,576,315,262,417
798,329,1313,244,792,576,1040,14,417,262
798,329,1313,244,1040,576,262,792,721,315
798,329,1313,244,1040,576,792,262,315,14
798,329,1313,244,1040,576,792,262,315,14
798,329,1313,244,1040,792,576,262,315,417
798,329,1313,244,792,576,1040,262,14,721
798,1313,329,244,792,1040,576,262,721,14
798,329,1313,244,792,576,1040,315,262,417
798,329,1313,244,1040,576,792,262,315,14
798,1313,329,244,792,576,1040,262,14,315
798,329,1313,244,1040,576,792,262,315,417
798,329,1313,244,576,1040,792,262,14,315
798,329,1313,576,1040,244,792,262,315,721
798,329,1313,244,576,1040,792,315,262,14
798,329,1313,244,1040,576,792,262,315,417
798,329,1313,244,1040,576,262,792,14,315
798,329,1313,244,1040,576,262,792,315,721
798,329,1313,244,576,1040,792,262,315,721
798,329,1313,244,576,1040,262,792,315,14
798,329,1313,244,1040,576,262,792,315,14
798,329,1313,244,792,576,1040,262,417,14
798,1313,329,244,576,1040,792,262,315,417
798,329,1313,244,1040,576,262,792,14,417
798,329,1313,244,1040,576,792,262,721,14
798,329,1313,244,1040,576,792,262,315,14
798,329,1313,244,576,1040,792,262,315,14
798,329,1313,244,792,576,1040,262,315,14
798,329,1313,244,792,262,1040,576,315,14
798,329,1313,244,576,1040,792,262,14,721
798,329,1313,244,792,576,1040,262,14,721
798,329,1313,244,1040,576,792,262,315,721
798,329,1313,244,1040,576,792,262,14,721
798,329,1313,244,1040,576,792,262,721,14
798,329,1313,244,576,1040,792,262,315,14
798,329,1313,244,1040,792,576,262,315,14
798,329,1313,244,1040,576,792,262,315,14
798,329,1313,244,1040,792,576,262,315,14
798,329,1313,244,576,1040,262,792,417,14
798,329,1313,244,1040,262,576,792,14,315
798,329,1313,244,1040,576,792,262,417,14
798,329,1313,244,576,1040,792,262,14,315
798,329,1313,244,576,1040,792,262,315,14
798,329,1313,244,576,792,1040,14,262,417
798,1313,329,244,792,576,1040,262,315,14
798,329,1313,244,576,1040,262,792,315,721
798,329,1313,244,1040,576,262,792,315,417
798,329,1313,244,1040,792,576,262,315,721
798,329,1313,244,576,792,1040,262,315,14
798,329,1313,244,576,1040,262,792,14,315
798,1313,329,244,792,576,1040,262,315,14
798,1313,329,244,576,792,1040,262,315,721
798,329,1313,244,1040,792,576,262,14,315
798,329,1313,244,576,1040,792,262,315,14
798,329,1313,244,1040,576,792,262,721,315
798,329,1313,244,1040,262,576,792,14,315
798,1313,329,244,1040,792,262,315,576,721
798,329,1313,244,1040,262,576,792,14,315
798,329,1313,244,576,792,1040,262,315,417
798,329,1313,244,1040,576,792,262,315,721
798,329,1313,244,1040,576,792,262,315,14
798,329,1313,244,1040,792,262,576,315,721
798,329,1313,244,576,1040,792,262,721,14
798,1313,329,244,1040,576,792,315,262,721
798,329,1313,244,792,1040,262,576,417,14
798,329,1313,244,792,576,262,1040,315,721
798,329,1313,244,1040,792,262,576,721,14
798,329,1313,244,792,1040,576,262,14,721
798,329,1313,244,1040,576,792,262,315,14
798,329,1313,244,576,1040,792,262,417,315
798,329,1313,244,576,1040,792,262,315,417
798,329,1313,244,1040,576,262,792,14,721
798,329,1313,244,576,262,1040,792,721,14
798,329,1313,244,576,1040,792,315,262,721
798,1313,329,244,792,576,1040,262,315,14
798,329,1313,244,1040,576,262,792,14,721
798,329,1313,244,1040,576,262,792,315,14
798,329,1313,244,1040,576,14,792,262,721
798,329,1313,244,792,1040,576,262,14,417
798,329,1313,244,576,1040,792,262,417,14
798,329,1313,244,1040,576,262,792,14,315
798,329,1313,244,1040,576,792,262,417,14
798,1313,329,244,1040,576,792,262,315,721
798,329,1313,244,1040,792,576,315,262,417
798,1313,329,244,792,576,315,262,1040,14
798,329,1313,244,576,792,1040,315,262,14
798,329,1313,244,576,1040,792,262,14,721
798,329,1313,244,576,1040,792,262,315,417
798,329,1313,244,1040,576,262,792,417,14
798,329,1313,244,576,1040,792,262,315,721
798,329,1313,244,1040,792,576,262,315,14
798,329,1313,244,1040,576,792,262,315,14
798,329,1313,244,1040,576,792,262,315,14
798,329,1313,244,576,792,1040,262,315,14
798,329,1313,244,1040,792,576,262,315,14
798,329,1313,244,576,1040,792,315,262,14
798,329,1313,244,576,792,1040,315,262,14
798,329,1313,244,1040,576,792,262,417,315
798,329,1313,244,1040,576,792,262,315,14
798,329,1313,244,1040,576,792,262,315,417
798,329,1313,244,1040,576,792,262,315,14
798,329,1313,244,792,576,1040,262,721,417
798,1313,329,244,1040,576,792,262,315,14
798,329,1313,244,576,1040,262,792,315,721
798,329,1313,1040,244,576,262,792,721,14
798,329,1313,244,1040,576,792,262,315,721
798,329,1313,244,576,1040,792,262,315,14
798,329,1313,244,792,1040,576,262,14,315
798,329,1313,244,1040,576,792,262,315,417
798,329,1313,244,1040,576,792,262,315,14
798,329,1313,244,1040,792,576,262,315,14
798,329,1313,244,1040,576,792,262,14,315
798,329,1313,244,576,1040,792,262,14,721
798,329,1313,576,1040,244,792,262,14,315
798,329,1313,244,576,262,1040,792,721,14
798,329,1313,244,1040,576,792,262,315,14
798,329,1313,244,576,1040,792,262,315,721
798,329,1313,244,576,792,1040,262,315,14
798,329,1313,244,1040,576,792,262,315,417
798,329,1313,244,1040,576,792,262,14,315
798,329,1313,244,1040,576,792,262,315,417
798,329,1313,244,1040,792,576,262,315,14
798,329,1313,244,1040,792,576,262,315,14
798,329,1313,244,1040,792,576,262,315,14
798,329,1313,244,576,792,1040,262,315,14
798,329,1313,244,1040,576,792,262,315,14
798,329,1313,244,576,1040,792,262,315,417
798,329,1313,792,1040,244,576,262,315,14
798,329,1313,244,576,792,1040,262,315,14
798,329,1313,244,792,576,1040,315,262,14
798,329,1313,244,576,1040,792,262,315,417
798,1313,329,244,1040,576,792,262,315,417
798,329,1313,244,1040,792,576,315,262,14
798,1313,329,244,1040,576,792,262,315,417
798,329,1313,244,1040,792,262,576,315,417
798,329,1313,244,576,1040,792,315,262,417
798,329,1313,244,1040,576,792,262,315,721
798,329,1313,244,1040,576,792,262,315,14
798,329,1313,244,576,1040,792,262,315,14
798,1313,329,244,792,576,1040,262,315,721
798,329,1313,244,1040,576,262,792,315,417
798,329,1313,244,576,1040,792,262,315,417
798,329,1313,244,1040,576,262,792,315,14
798,1313,329,244,576,1040,792,262,14,315
798,329,1313,244,792,1040,576,262,315,721
798,329,1313,244,1040,576,792,262,315,14
798,329,1313,244,576,792,1040,262,315,721
798,1313,329,244,792,262,1040,576,14,315
798,329,1313,244,1040,576,792,315,417,262
798,1313,329,244,1040,576,792,262,315,14
798,1313,329,244,1040,576,792,262,14,315
798,1313,329,244,576,792,262,1040,14,721
798,1313,329,244,576,1040,792,262,315,417
798,329,1313,244,792,576,262,1040,417,315
798,329,1313,244,1040,576,792,262,14,315
798,329,1313,244,1040,576,792,262,315,14
798,329,1313,244,576,1040,792,262,315,14
798,329,1313,244,1040,792,576,262,417,315
798,329,1313,244,1040,792,576,262,315,14
798,329,1313,244,1040,576,792,262,315,14
798,329,1313,244,262,792,576,1040,14,417
798,329,1313,244,576,1040,792,262,14,417
798,329,1313,244,792,1040,576,262,14,315
798,329,1313,244,1040,576,792,262,315,14
798,329,1313,244,1040,792,576,262,14,315
798,329,1313,244,1040,576,262,792,14,721
798,1313,329,244,576,792,1040,262,417,315
798,329,1313,244,1040,792,576,262,315,721
798,329,1313,244,1040,576,792,262,315,14
798,329,1313,244,576,792,1040,262,721,315
798,329,1313,244,576,792,1040,262,417,14
798,329,1313,244,576,1040,792,262,315,417
798,329,1313,244,1040,262,576,792,417,721
798,329,1313,244,576,1040,792,262,721,315
798,329,1313,244,576,1040,792,262,315,14
798,329,1313,244,792,1040,576,262,315,417
798,329,1313,244,1040,576,792,262,315,721
798,329,1313,244,576,792,1040,262,315,14
798,329,1313,244,1040,576,792,315,262,14
798,1313,329,244,1040,576,792,262,315,14
798,1313,329,244,1040,576,792,262,721,315
798,329,1313,244,1040,576,792,262,315,14
798,329,1313,244,576,1040,792,262,315,14
798,329,1313,244,576,1040,792,262,315,14
798,1313,329,244,1040,576,792,262,315,14
798,329,1313,244,1040,792,576,262,315,14
798,329,1313,244,1040,792,576,262,315,721
798,329,1313,244,1040,576,792,262,315,417
798,329,1313,244,576,792,1040,262,315,14
798,329,1313,244,792,576,1040,262,315,14
798,329,1313,244,576,1040,792,262,14,315
798,329,1313,244,1040,792,576,262,315,14
798,329,1313,244,1040,576,792,262,417,315
798,329,1313,244,1040,576,792,262,315,417
798,329,1313,244,1040,792,576,262,315,417
798,329,1313,244,1040,792,576,262,14,721
798,329,1313,244,576,1040,792,262,417,14
798,329,1313,244,576,1040,792,262,417,315
798,329,1313,244,576,1040,792,315,262,14
798,329,1313,244,1040,576,262,792,14,315
798,329,1313,244,792,576,1040,262,315,14
798,329,1313,244,576,792,1040,315,262,417
798,329,1313,244,576,1040,792,262,14,315
798,329,1313,244,1040,576,792,262,315,14
798,1313,329,244,1040,792,576,262,315,721
798,329,1313,244,792,576,1040,262,315,14
798,329,1313,244,576,792,1040,262,315,417
798,1313,329,244,1040,792,576,262,14,315
798,1313,329,244,792,576,1040,315,262,14
798,329,1313,244,1040,792,262,576,14,315
798,329,1313,244,1040,576,262,792,14,315
798,329,1313,244,792,1040,576,262,315,14
798,329,1313,244,576,1040,792,262,315,14
798,329,1313,244,1040,576,792,262,315,14
798,329,1313,244,1040,792,262,576,721,417
798,329,1313,244,1040,576,792,262,315,721
