1201,1313,244,329,673,798,721,1244,272,433
1201,1313,244,329,673,798,721,1244,272,433
1201,1313,244,329,673,798,721,1244,433,272
1201,1313,244,329,673,798,721,1244,433,272
1201,1313,244,329,673,798,721,1244,433,272
1201,1313,244,329,673,798,721,1244,272,433
1201,1313,244,329,673,798,721,1244,272,433
1201,1313,244,329,673,798,721,1244,272,433
1201,1313,244,329,673,798,721,1244,433,272
1201,1313,244,329,673,798,721,1244,433,272
1201,1313,244,329,673,798,721,1244,272,433
1201,1313,244,329,673,798,721,1244,272,433
1201,1313,244,329,673,798,721,1244,272,433
1201,1313,244,329,673,798,721,1244,433,272
1201,1313,244,329,673,798,721,1244,433,272
1201,1313,244,329,673,798,721,1244,272,433
1201,1313,244,329,673,798,721,1244,272,433
1201,1313,244,329,673,798,721,1244,272,433
1201,1313,244,329,673,798,721,1244,272,433
1201,1313,244,329,673,798,721,1244,272,433
1201,1313,244,329,673,798,721,1244,433,272
1201,1313,244,329,673,798,721,1244,433,272
1201,1313,244,329,673,798,721,1244,433,272
1201,1313,244,329,673,798,721,1244,272,433
1201,1313,244,329,673,798,721,1244,272,433
1201,1313,244,329,673,798,721,1244,433,272
1201,1313,244,329,673,798,721,1244,272,433
1201,1313,244,329,673,798,721,1244,272,433
1201,1313,244,329,673,798,721,1244,272,433
1201,1313,244,329,673,798,721,1244,272,433
1201,1313,244,329,673,798,721,1244,272,433
1201,1313,244,329,673,798,721,1244,433,272
1201,1313,244,329,673,798,721,1244,433,272
1201,1313,244,329,673,798,721,1244,433,272
1201,1313,244,329,673,798,721,1244,433,272
1201,1313,244,329,673,798,721,1244,433,272
1201,1313,244,329,673,798,721,1244,272,433
1201,1313,244,329,673,798,721,1244,272,433
1201,1313,244,329,673,798,721,1244,433,272
1201,1313,244,329,673,798,721,1244,433,272
1201,1313,244,329,673,798,721,1244,272,433
1201,1313,244,329,673,798,721,1244,272,433
1201,1313,244,329,673,798,721,1244,272,433
1201,1313,244,329,673,798,721,1244,272,433
1201,1313,244,329,673,798,721,1244,272,433
1201,1313,244,329,673,798,721,1244,272,433
1201,1313,244,329,673,798,721,1244,433,272
1201,1313,244,329,673,798,721,1244,272,433
1201,1313,244,329,673,798,721,1244,433,272
1201,1313,244,329,673,798,721,1244,433,272
1201,1313,244,329,673,721,798,1244,433,272
1201,1313,244,329,673,798,721,1244,433,272
1201,1313,244,329,673,798,721,1244,272,433
1201,1313,244,329,673,798,721,1244,433,272
1201,1313,244,329,673,798,721,1244,433,272
1201,1313,244,329,673,798,721,1244,433,272
1201,1313,244,329,673,798,721,1244,272,433
1201,1313,244,329,673,798,721,1244,272,433
1201,1313,244,329,673,798,721,1244,433,272
1201,1313,244,329,673,798,721,1244,433,272
1201,1313,244,329,673,798,721,1244,433,272
1201,1313,244,329,673,798,721,1244,433,272
1201,1313,244,329,673,798,721,1244,433,272
1201,1313,244,329,673,798,721,1244,272,433
1201,1313,244,329,673,798,721,1244,433,272
1201,1313,244,329,673,798,721,1244,272,433
1201,1313,244,329,673,798,721,1244,433,272
1201,1313,244,329,673,798,721,1244,433,272
1201,1313,244,329,673,798,721,1244,433,272
1201,1313,244,329,673,798,721,1244,433,272
1201,1313,244,329,673,798,721,1244,433,272
1201,1313,244,329,673,798,721,1244,433,272
1201,1313,244,329,673,798,721,1244,433,272
1201,1313,244,329,673,798,721,1244,433,272
1201,1313,244,329,673,798,721,1244,433,272
1201,1313,244,329,673,798,721,1244,433,272
1201,1313,244,329,673,798,721,1244,433,272
1201,1313,244,329,673,798,721,1244,272,433
1201,1313,244,329,673,798,721,1244,272,433
1201,1313,244,329,673,798,721,1244,433,272
1201,1313,244,329,673,798,721,1244,433,272
1201,1313,244,329,673,798,721,1244,272,433
1201,1313,244,329,673,798,721,1244,272,433
1201,1313,244,329,673,798,721,1244,433,272
1201,1313,244,329,673,798,721,1244,433,272
1201,1313,244,329,673,798,721,1244,433,272
1201,1313,244,329,673,721,798,1244,433,272
1201,1313,244,329,673,798,721,1244,433,272
1201,1313,244,329,673,798,721,1244,272,433
1201,1313,244,329,673,798,721,1244,433,272
1201,1313,244,329,673,798,721,1244,272,433
1201,1313,244,329,673,798,721,1244,433,272
1201,1313,244,329,673,798,721,1244,272,433
1201,1313,244,329,673,798,721,1244,272,433
1201,1313,244,329,673,798,721,1244,433,272
1201,1313,244,329,673,798,721,1244,272,433
1201,1313,244,329,673,798,721,1244,272,433
1201,1313,244,329,673,798,721,1244,272,433
1201,1313,244,329,673,798,721,1244,272,433
1201,1313,244,329,673,798,721,1244,272,433
1201,1313,244,329,673,798,721,1244,272,433
1201,1313,244,329,673,798,721,1244,272,433
1201,1313,244,329,673,798,721,1244,272,433
1201,1313,244,329,673,798,721,1244,433,272
1201,1313,244,329,673,798,721,1244,433,272
1201,1313,244,329,673,798,721,1244,272,433
1201,1313,244,329,673,798,721,1244,272,433
1201,1313,244,329,673,798,721,1244,433,272
1201,1313,244,329,673,798,721,1244,272,433
1201,1313,244,329,673,798,721,1244,433,272
1201,1313,244,329,673,798,721,1244,272,433
1201,1313,244,329,673,798,721,1244,433,272
1201,1313,244,329,673,798,721,1244,433,272
1201,1313,244,329,673,798,721,1244,272,433
1201,1313,244,329,673,798,721,1244,433,272
1201,1313,244,329,673,798,721,1244,433,272
1201,1313,244,329,673,798,721,1244,272,433
1201,1313,244,329,673,798,721,1244,272,433
1201,1313,244,329,673,798,721,1244,433,272
1201,1313,244,329,673,798,721,1244,272,433
1201,1313,244,329,673,798,721,1244,272,433
1201,1313,244,329,673,798,721,1244,433,272
1201,1313,244,329,673,798,721,1244,272,433
1201,1313,244,329,673,798,721,1244,433,272
1201,1313,244,329,673,798,721,1244,272,433
1201,1313,244,329,673,798,721,1244,272,433
1201,1313,244,329,673,798,721,1244,272,433
1201,1313,244,329,673,798,721,1244,272,433
1201,1313,244,329,673,798,721,1244,272,433
1201,1313,244,329,673,798,721,1244,272,433
1201,1313,244,329,673,798,721,1244,272,433
1201,1313,244,329,673,798,721,1244,272,433
1201,1313,244,329,673,798,721,1244,272,433
1201,1313,244,329,673,798,721,1244,272,433
1201,1313,244,329,673,798,721,1244,272,433
1201,1313,244,329,673,798,721,1244,272,433
1201,1313,244,329,673,798,721,1244,433,272
1201,1313,244,329,673,798,721,1244,433,272
1201,1313,244,329,673,798,721,1244,272,433
1201,1313,244,329,673,798,721,1244,272,433
1201,1313,244,329,673,798,721,1244,272,433
1201,1313,244,329,673,798,721,1244,433,272
1201,1313,244,329,673,798,721,1244,272,433
1201,1313,244,329,673,798,721,1244,433,272
1201,1313,244,329,673,798,721,1244,272,433
1201,1313,244,329,673,798,721,1244,272,433
1201,1313,244,329,673,798,721,1244,272,433
1201,1313,244,329,673,798,721,1244,272,433
1201,1313,244,329,673,798,721,1244,272,433
1201,1313,244,329,673,798,721,1244,272,433
1201,1313,244,329,673,798,721,1244,272,433
1201,1313,244,329,673,798,721,1244,433,272
1201,1313,244,329,673,798,721,1244,433,272
1201,1313,244,329,673,798,721,1244,272,433
1201,1313,244,329,673,798,721,1244,272,433
1201,1313,244,329,673,798,721,1244,433,272
1201,1313,244,329,673,798,721,1244,272,433
1201,1313,244,329,673,798,721,1244,272,433
1201,1313,244,329,673,798,721,1244,272,433
1201,1313,244,329,673,798,721,1244,272,433
1201,1313,244,329,673,798,721,1244,433,272
1201,1313,244,329,673,721,798,1244,433,272
1201,1313,244,329,673,798,721,1244,272,433
1201,1313,244,329,673,798,721,1244,433,272
1201,1313,244,329,673,798,721,1244,433,272
1201,1313,244,329,673,798,721,1244,433,272
1201,1313,244,329,673,798,721,1244,272,433
1201,1313,244,329,673,798,721,1244,272,433
1201,1313,244,329,673,798,721,1244,272,433
1201,1313,244,329,673,798,721,1244,433,272
1201,1313,244,329,673,798,721,1244,433,272
1201,1313,244,329,673,798,721,1244,433,272
1201,1313,244,329,673,798,721,1244,433,272
1201,1313,244,329,673,798,721,1244,433,272
1201,1313,244,329,673,798,721,1244,433,272
1201,1313,244,329,673,798,721,1244,433,272
1201,1313,244,329,673,798,721,1244,272,433
1201,1313,244,329,673,798,721,1244,272,433
1201,1313,244,329,673,798,721,1244,272,433
1201,1313,244,329,673,798,721,1244,433,272
1201,1313,244,329,673,798,721,1244,272,433
1201,1313,244,329,673,798,721,1244,433,272
1201,1313,244,329,673,798,721,1244,433,272
1201,1313,244,329,673,798,721,1244,272,433
1201,1313,244,329,673,798,721,1244,272,433
1201,1313,244,329,673,798,721,1244,272,433
1201,1313,244,329,673,798,721,1244,272,433
1201,1313,244,329,673,798,721,1244,272,433
1201,1313,244,329,673,798,721,1244,272,433
1201,1313,244,329,673,798,721,1244,433,272
1201,1313,244,329,673,798,721,1244,433,272
1201,1313,244,329,673,798,721,1244,272,433
1201,1313,244,329,673,798,721,1244,272,433
1201,1313,244,329,673,798,721,1244,433,272
1201,1313,244,329,673,798,721,1244,272,433
1201,1313,244,329,673,798,721,1244,272,433
1201,1313,244,329,673,798,721,1244,272,433
1201,1313,244,329,673,798,721,1244,433,272
1201,1313,244,329,673,798,721,1244,433,272
1201,1313,244,329,673,798,721,1244,433,272
1201,1313,244,329,673,798,721,1244,433,272
1201,1313,244,329,673,798,721,1244,272,433
1201,1313,244,329,673,798,721,1244,272,433
1201,1313,244,329,673,798,721,1244,272,433
1201,1313,244,329,673,798,721,1244,433,272
1201,1313,244,329,673,798,721,1244,433,272
1201,1313,244,329,673,798,721,1244,272,433
1201,1313,244,329,673,798,721,1244,433,272
1201,1313,244,329,673,798,721,1244,433,272
1201,1313,244,329,673,798,721,1244,433,272
1201,1313,244,329,673,798,721,1244,272,433
1201,1313,244,329,673,798,721,1244,433,272
1201,1313,244,329,673,798,721,1244,433,272
1201,1313,244,329,673,798,721,1244,272,433
1201,1313,244,329,673,798,721,1244,272,433
1201,1313,244,329,673,798,721,1244,433,272
1201,1313,244,329,673,798,721,1244,272,433
1201,1313,244,329,673,798,721,1244,272,433
1201,1313,244,329,673,798,721,1244,433,272
1201,1313,244,329,673,798,721,1244,272,433
1201,1313,244,329,673,798,721,1244,272,433
1201,1313,244,329,673,798,721,1244,272,433
1201,1313,244,329,673,798,721,1244,272,433
1201,1313,244,329,673,798,721,1244,433,272
1201,1313,244,329,673,798,721,1244,272,433
